<?xml version="1.0" encoding="UTF-8" standalone="yes"?>
<addon id="plugin.video.animedreaming.tv"
       name="Animedreaming.tv"
       version="0.0.3"
       provider-name="Akhmad Fathonih">
  <requires>
    <import addon="xbmc.python" version="2.0"/>
  </requires>
  <extension point="xbmc.python.pluginsource"
            library="default.py">
        <provides>video</provides>
  </extension>
  <extension point="xbmc.addon.metadata">
    <platform>all</platform>
    <summary lang="en">Animedreaming.tv for XBMC</summary>
    <description lang="en">List recent Animedreaming.tv anime and provides menu to play anime from</description>
  </extension>
</addon>
