<addon id="repository.neofreko" name="neofreko Add-on Repository" version="1.0.0" provider-name="neofreko">
	<extension point="xbmc.addon.repository" name="neofreko Add-on Repository">
		<info compressed="false">http://github.com/neofreko/xbmc-animedreaming/raw/master/addons.xml</info>
		<checksum>http://github.com/neofreko/xbmc-animedreaming/raw/master/addons.xml.md5</checksum>
		<datadir zip="true">http://github.com/neofreko/xbmc-animedreaming/raw/master/repo</datadir>
	</extension>
	<extension point="xbmc.addon.metadata">
		<summary>Install Add-ons from neofreko Add-on Repository</summary>
		<description>Animedreaming.tv clients for xbmc</description>
		<disclaimer></disclaimer>
		<platform>all</platform>
	</extension>
</addon>

